HR_mean,HR_std,RMSSD,pNN50,LF,HF,LF_HF,mean,std,min,max,slope,num_peaks,ACC_x_mean,ACC_x_std,ACC_y_mean,ACC_y_std,ACC_z_mean,ACC_z_std,ACC_mag_mean,ACC_mag_std,TEMP_mean,TEMP_std,TEMP_min,TEMP_max,TEMP_slope
76.74027858019119,13.456074040425332,184.7857653604874,69.86301369863014,2993.344519554746,9356.864220508354,0.31990894053949614,1.2321913666666668,0.10128010594673675,0.934426,1.616094,0.00047093190767200896,24,27.756770833333334,18.018529409263195,-25.6421875,40.00651758628224,18.956770833333334,18.217942906353322,63.359596716816064,5.473852974133663,35.460833333333326,0.04302292670451764,35.41,35.55,0.000500000000000019
78.59182739551524,12.02632802590272,149.72848690769123,40.78947368421053,2204.713692927338,1787.6666003435837,1.2332913153401195,1.0967664791666667,0.06313641952384719,0.930582,1.239383,3.2289890015451734e-05,19,43.852604166666666,7.112462909216654,-2.1729166666666666,21.156049564125205,36.278125,15.834487039929911,63.01643544118032,4.658349327199437,35.51933333333333,0.028511206373790163,35.49,35.59,0.0
75.84740414334341,11.107833774291874,137.8386435380052,41.891891891891895,3124.3513799890507,3397.2732158337876,0.9196644430678342,1.0304407541666667,0.11861161347985168,0.85114,1.405956,0.000835711006701504,17,44.015625,10.681651207844304,-9.135416666666666,12.764509547689467,40.47864583333333,12.622547709009963,63.453179004959274,8.330967030578988,35.669999999999995,0.09492101980067405,35.5,35.84,0.0011666666666666713
77.36873140375181,18.150893820711424,268.33659863114195,68.4931506849315,7326.2746476298325,23272.857252139896,0.3147991055956911,1.0026304958333334,0.08362802465372068,0.843452,1.18813,-0.0005522249765620935,15,37.696354166666666,14.638383735049644,3.318229166666667,26.511598896158937,39.450520833333336,14.765551467703443,63.63374678009005,8.61883353828771,35.80916666666667,0.017539637649873922,35.77,35.87,-8.333333333334635e-05
82.25498318961932,20.521984972671603,313.4984050996113,69.73684210526315,3683.585001538623,31359.376449211144,0.11746359202978619,1.239721825,0.1854940597622631,0.917769,1.717419,0.0019432679534366925,26,54.628125,13.20480659902705,-1.2479166666666666,17.41239967168193,5.553125,23.947605365346554,63.53680056968066,5.545078000830467,35.79083333333333,0.020999338613923276,35.73,35.84,0.0001666666666666631
82.32137984606607,18.987606807676887,245.84724234923542,77.92207792207793,5645.124875765583,16213.355691287696,0.3481774521729028,1.3197616916666666,0.16483584241399055,0.874303,1.693073,-0.001619141556277018,28,34.697916666666664,25.360944297476824,5.6671875,19.29621525947106,35.9421875,23.80448337074714,63.755174510939334,6.734675053755177,35.809999999999995,0.022730302828308988,35.75,35.87,-0.0003333333333333262
80.29987810096945,17.190144196829834,166.17440323848516,61.8421052631579,4435.353304120265,13959.634575814278,0.3177270350475164,0.8888389958333333,0.1520557148490452,0.679441,1.19848,-0.0021441440871369307,20,39.8390625,15.61475114395873,20.1890625,9.196873628454423,36.93958333333333,17.997988771704154,63.297967692142976,2.231543422034227,35.71,0.02633122354417567,35.66,35.77,0.0
76.07043344433094,14.943346240341858,191.59086293141124,65.27777777777779,2605.7589313479602,2313.0314652908337,1.126555764783044,0.5811205666666666,0.06898680719918282,0.474428,0.720444,-0.0009623914876994398,23,40.92135416666667,12.829716572586447,31.119270833333335,10.421324466447757,31.361458333333335,12.7123862645819,63.59910928696878,4.0584487476786775,35.784666666666666,0.03989430480100647,35.71,35.87,0.0004583333333333606
77.53924813904091,16.938906360600658,234.6388355186789,81.08108108108108,3462.6879118552624,12021.025618919426,0.2880526189383934,0.5053095541666667,0.01522074683686927,0.468022,0.567966,2.057258242330549e-05,26,49.770833333333336,8.880842169461683,26.243229166666666,6.109479143578114,25.517708333333335,11.399501951763677,63.64744841458957,3.4845967455111793,35.82083333333334,0.029904941992178146,35.77,35.89,-0.0002083333333333511
77.21424574984376,10.921520376375403,100.88619679813434,44.0,5145.3596513862285,1449.762067538646,3.5491062751571607,0.423260925,0.037718191607446425,0.368009,0.493579,-0.0005411547387975484,24,53.866145833333334,2.837490774504704,25.353125,3.544404425905007,20.348958333333332,6.100213363612557,63.36475438952607,1.0758161189083715,35.81833333333334,0.03302356061292519,35.77,35.89,0.0004166666666666726
77.40831651617887,18.235691699276124,247.87508404772487,67.12328767123287,12457.371437975966,9282.367061994299,1.3420468458935866,0.3454735583333334,0.022445003090441548,0.297536,0.389792,-0.00029138440511119947,31,46.341145833333336,20.303909074044483,14.625520833333333,10.73520662060428,24.958333333333332,23.176032279538752,63.45329527449969,4.756809379597119,35.87649999999999,0.02554897258208204,35.83,35.91,-0.0002083333333333215
77.2895277242016,16.093831184526213,216.96006276917777,61.64383561643836,5616.190310393849,4550.089165925026,1.2343033522183926,0.26213349583333334,0.02296088714731313,0.2245,0.314193,-0.00031284431457143374,34,52.391666666666666,13.815741826707034,16.016145833333333,6.508107903126119,24.250520833333333,14.437914847560203,63.403502057018486,3.3422936593981056,35.781,0.025409971795864815,35.75,35.83,-0.0002499999999999799
72.83633536326076,8.438721463046198,127.1165671806225,46.478873239436616,1042.6080406047188,1821.2386407754402,0.5724719524734008,0.19854221666666666,0.015963543051373513,0.173247,0.247564,-0.00022436631625549064,36,56.264583333333334,4.958662016416883,16.896875,2.9987481111915684,22.2359375,6.221188605303686,63.37223727033771,1.3741139637427016,35.800666666666665,0.035817438335102605,35.75,35.87,0.0003750000000000142
78.72407739665033,15.1365603191969,180.83596699622413,61.33333333333333,3305.912285810102,4878.098280697359,0.6777051415490337,0.16474717916666665,0.010025890286174056,0.14762,0.192467,-0.00012247737590930362,36,51.325,13.248804977556782,18.771875,6.597903756828755,24.933333333333334,14.019842089774842,63.3740885477646,2.7665985264865762,35.90099999999999,0.014798648586947948,35.87,35.93,8.333333333334635e-05
73.25744774985588,10.197452600584521,88.2715605270878,34.72222222222222,790.4803940010394,811.8935606201056,0.9736256479202626,0.14463552916666667,0.004672152586422663,0.127119,0.164277,-4.543861308356096e-05,40,53.8359375,2.877473601864504,13.979166666666666,5.355447317659116,-16.3609375,24.109460348331325,63.07150146435922,1.2720042051814715,35.913333333333334,0.017575235101952483,35.89,35.95,0.0
76.06139829823603,17.417133336973485,263.0820174153375,77.77777777777779,3481.6554075751474,8583.080853106665,0.4056416882423931,0.12184382083333332,0.005613731580276999,0.110461,0.133525,-7.713044193475568e-05,37,51.78125,6.250755162711675,26.8546875,6.546884509241303,17.930208333333333,14.802601262050663,63.41640752491732,1.8369433307202407,35.8945,0.018113070786956946,35.84,35.93,0.0
73.5307159891925,15.338919217144873,263.5420602279476,55.072463768115945,2875.590828493323,9866.372747156334,0.2914536985562521,0.10442305000000002,0.004714557088334669,0.096367,0.114305,-6.498243285473729e-05,37,53.6984375,2.7687236936767605,25.944791666666667,1.7932378648496567,21.033854166666668,3.7333518981472005,63.4306541174809,0.6700695698989448,35.898666666666664,0.018024674446127438,35.87,35.93,0.0001666666666666631
74.8094479596514,14.4016399596561,168.0921743964003,63.888888888888886,4558.70882166328,8015.492546815161,0.5687372042376381,0.10569370833333333,0.009122146269195492,0.091241,0.116868,0.00011219059792704735,35,45.9765625,6.901914940816093,17.952604166666667,6.025064270886741,-23.0625,30.711904756136505,63.19827983323964,1.0749656364446236,35.928000000000004,0.01777638883463289,35.89,35.97,-8.333333333334635e-05
71.09543770409361,8.212104007636112,123.504986367388,44.285714285714285,2691.19359503933,3402.001370191118,0.7910618786400264,0.11530908750000002,0.0012120919333300372,0.111743,0.118149,4.737855257903985e-06,35,42.49010416666667,0.549531987982476,13.471354166666666,0.49917874176755456,-44.55052083333333,0.566007342766834,63.02669048461652,0.3782292818944435,35.809333333333335,0.05240441033178626,35.73,35.91,-0.000666666666666682
71.05658319572437,12.892074373275408,226.71724964658827,57.35294117647059,2191.0531311170935,4825.775449603361,0.45403130626336535,0.10409738333333333,0.006613506994128674,0.092523,0.129681,-3.791419295473897e-05,35,47.67760416666667,4.789171650015895,18.069791666666667,6.101598489188213,-35.135416666666664,10.082647833103609,63.18425631604382,1.9349482219971328,35.67399999999999,0.023395156193822767,35.65,35.73,-0.00012500000000000475
75.13929293477909,15.70341304108839,179.82379628755368,54.166666666666664,8241.891652574996,5998.550859034338,1.3739804573236203,0.10042958750000001,0.006198268571464972,0.091241,0.129681,-3.354857679820851e-05,36,56.6078125,4.277100045378537,24.730729166666666,4.605238580679902,-2.224479166666667,13.00957679059543,63.4315880856673,2.487214726736688,35.68366666666666,0.02462834861608894,35.63,35.73,-0.0002083333333333511
73.50450028794678,11.578294497620229,162.39050225679546,67.6056338028169,1988.055897172731,3757.008466548885,0.5291592805482604,0.09431653333333334,0.005816575177790526,0.075865,0.10918,-3.667112276254794e-05,38,51.1046875,15.797645489988177,22.447916666666668,6.1366721975124445,7.605208333333334,23.71217105637097,63.39759872531202,1.9165389893368026,35.62183333333334,0.015967849643023918,35.59,35.66,-8.333333333331676e-05
77.32650377170538,11.363348000424807,122.07569667180034,46.666666666666664,864.3137253834004,1190.03090899396,0.7262951901930702,0.10903585833333335,0.014556417014668498,0.074584,0.130963,0.00018885563464643494,34,49.321875,4.437710162276825,13.069270833333333,3.6504699311617355,-32.6515625,16.95557761156862,63.110237791273,2.680751311786655,35.6875,0.030145480589965884,35.63,35.73,0.0
75.28435538925262,14.15591193574892,232.4377093597215,72.22222222222221,4232.95073148323,8720.623595088064,0.48539541757856186,0.11980966250000001,0.014011903717265798,0.077147,0.155308,2.4040572318963838e-05,35,49.952083333333334,12.192586367395101,8.013541666666667,9.003692758525835,-13.763020833333334,32.60039920575461,63.36976925362589,5.062829305392933,35.57333333333333,0.045631373223060274,35.5,35.68,-0.0004999999999999894
83.36678623712204,20.35676519206174,256.3630507204013,84.4155844155844,3264.6231887510703,10786.124085491514,0.3026687958413473,0.20007478750000002,0.07623022547963293,0.1284,1.17781,1.3017081459747718e-05,32,53.53854166666667,18.43743852979395,-8.622916666666667,23.200720531046493,5.897395833333333,17.14264278201145,63.872781021456724,8.23772007809427,35.49716666666667,0.029330965813547966,35.43,35.55,-0.0003333333333333262
78.37539042686913,20.354513951003373,312.7603082500506,87.67123287671232,4467.348825980351,17469.926699425305,0.2557165180393865,0.17446925833333332,0.01215147534869452,0.148901,0.196311,-0.00012427257070435238,38,60.131770833333334,6.832431164245222,0.5994791666666667,2.749715845088841,11.372395833333334,14.348031532001732,63.25537762264427,2.0944902283551863,35.32333333333333,0.056705868792881024,35.23,35.43,-0.0007499999999999988
74.32732786172669,16.820748683153013,237.46454016367355,77.14285714285715,10778.305416063988,14435.20871517219,0.7466677918370105,0.20151589999999997,0.028554747342137934,0.159152,0.23475,0.00036543250490459893,35,31.630208333333332,21.279947621879394,8.8921875,7.454538704586426,45.983333333333334,17.681992173457783,63.30779789177338,2.681401423579427,35.297333333333334,0.034969828265075845,35.23,35.34,0.0003750000000000142
77.44639327764932,17.998665879730808,261.51461255181323,78.08219178082192,4006.090144164804,8369.931368565613,0.47862879249048645,0.21463350833333336,0.011289195819082828,0.192467,0.23475,-0.0001603924929252245,32,10.09375,2.7468850729811516,13.072916666666666,0.3160561549085155,60.844791666666666,0.7323435259019878,63.10866554628326,0.5929091841868789,35.32633333333333,0.013034143197344904,35.29,35.34,-0.00012500000000000475
78.10875832924667,17.923521172866415,274.63199224486493,81.08108108108108,2691.410290801862,10641.966871645696,0.2529053438394755,0.1737805666666667,0.010196560217162563,0.157871,0.193748,-0.00014609539575339845,40,12.416666666666666,1.5855247992033705,12.920833333333333,0.4819484469894633,60.53072916666667,0.6559769190421049,63.15006394299157,0.5801822955557142,35.28800000000001,0.016613247725835837,35.25,35.33,-8.333333333334635e-05
75.76481176969001,17.275118993378577,285.57561506480704,78.87323943661971,3360.615564512065,14632.16250390942,0.22967319858661875,0.14589554166666666,0.013530105158741272,0.098929,0.255252,-0.00010022883209777963,36,27.934895833333332,15.434823688037904,25.39375,13.510804414893288,27.471354166666668,37.69883691065591,63.35294397959621,2.873787706983875,35.34483333333333,0.04577086652251767,35.27,35.41,0.0004166666666666726
80.66126374888108,17.754378340799168,225.0433985923604,73.68421052631578,3565.4638375189356,7381.22100854348,0.4830452622123153,0.15304432083333333,0.03157961450882884,0.065615,0.195029,0.00035229442481640255,29,25.289583333333333,15.312865500173013,-47.078125,22.282984460892465,15.460416666666667,13.973691643932973,63.21853699227616,4.963189218927461,35.38616666666666,0.028757124721052508,35.33,35.43,-0.0002083333333333215
69.21564577221625,11.658587708423456,169.5565042808426,59.70149253731343,717.3566748862643,3533.8040186165917,0.20299843203163653,0.20226340833333337,0.006885593842092625,0.191185,0.219374,-1.2081497074602147e-05,35,41.60104166666667,3.0151007028396064,-46.1,2.312421169827561,7.255729166666667,2.296219376856076,62.65237270850442,1.7009452748349911,35.29783333333333,0.03291867082506385,35.23,35.37,-0.0003750000000000142
80.84863554005553,16.43478484756191,234.78582415402386,64.93506493506493,2215.5450846077415,13556.656255772326,0.16342858023447915,0.22606947916666667,0.04055577570672969,0.146339,0.291129,0.0005000581498810739,31,40.80833333333333,7.534485531356618,-43.42552083333333,15.706178280761556,9.0296875,6.301591557086492,62.87196978373387,4.786352004737598,35.166666666666664,0.04849971363031067,35.09,35.27,-0.000666666666666682
80.90470767205942,16.393950035545277,276.40502814408666,77.63157894736842,4446.201177172379,13487.141003722223,0.3296622446480913,0.3306741333333333,0.055186155868861005,0.188623,0.434638,0.0004326424877168008,29,39.43177083333333,15.787374009446577,-21.628645833333334,18.551648406082393,31.034375,20.82313581154485,63.068065843006224,5.934829047431029,34.93999999999999,0.0987589658377071,34.81,35.11,-0.0011666666666666713
80.2703498960454,19.657911724665762,250.67213279258584,72.0,7837.630841301054,10144.269711031327,0.7726165672407219,0.43738220416666673,0.030397022726534953,0.333413,0.507674,-9.309589185576121e-05,24,36.6953125,5.679860153267604,-49.02291666666667,4.4493089155945205,10.125,7.459683304269693,62.82449406124355,3.6186910776467576,34.70683333333333,0.07256012832280681,34.57,34.83,-0.0009166666666666619
82.1708926000863,16.0062908224349,201.73098075352536,78.2051282051282,2418.248470651538,12521.849358554346,0.19312230976485137,0.39708984583333334,0.013431734574831825,0.380822,0.448733,2.9543217330161424e-05,25,37.32239583333333,0.732232950170895,-49.5484375,0.641245253596794,8.472395833333334,0.656909184476291,62.61785486911458,0.41656022834226547,34.43116666666666,0.0765526325840959,34.33,34.59,-0.0010833333333333548
81.18092031946493,18.805079328868985,270.97552357177943,82.89473684210526,2734.150771004308,12320.661927743295,0.22191589924625962,0.4787425708333334,0.030147926173342606,0.441045,0.573022,0.0001317676491779376,18,37.546875,1.0149356634987592,-49.248958333333334,0.6895793995356074,8.885416666666666,1.2704148901266687,62.58676125574337,0.4418508608636853,34.226,0.052795201802184756,34.13,34.33,-0.0007499999999999988
82.20596158869978,19.00297903696962,273.6195352715826,79.22077922077922,3266.921283672677,8303.761926965279,0.39342665558170903,0.7754614958333333,0.09357124723924713,0.489735,0.983048,0.0006018967581902459,27,31.796354166666667,19.805451880931656,-45.02552083333333,20.774806325300187,8.317708333333334,16.89496038512463,64.22921449969253,9.559609288694151,34.10783333333333,0.03220205307464424,34.05,34.18,-0.0003333333333333558
81.06794961001889,22.010466051644194,328.5118777805536,85.33333333333334,5655.646487666501,22678.0771215941,0.24938827297139696,0.7121424416666665,0.03732589858592285,0.626838,0.769065,-0.0005072668301533036,31,17.213541666666668,4.797701702196989,-58.62135416666667,2.8004579684221835,14.733333333333333,2.3571109906455874,63.084441714879254,2.570988983900132,34.06516666666667,0.02355784842090363,34.0,34.11,-0.00029166666666666783
85.08920129945864,20.072987998434602,259.07459916054063,70.51282051282051,4771.313709018346,38585.77038440858,0.12365474788981536,0.6107142291666666,0.020508702113817834,0.579428,0.66784,-0.00012882068568898696,24,18.484895833333333,6.709273820428157,-58.12291666666667,2.9837224781116776,13.802083333333334,3.281798895888588,62.99267687371056,2.659349441302972,33.95616666666667,0.038170305503392114,33.87,34.03,-0.000666666666666682
79.83945147442503,18.405957331143256,265.75538334215895,84.0,2673.1837908996504,20825.063291155,0.12836377750818304,0.5937686875000001,0.020205264494841696,0.546114,0.64862,-0.00025481082440667537,27,20.523958333333333,10.552964085898516,-57.30833333333333,4.792760744660175,10.20625,7.649902130365242,63.14499748388728,3.900176418215296,33.84450000000001,0.03584340943604511,33.77,33.89,-0.0004166666666666726
83.4037622964771,20.79477813202197,264.8680681856684,84.4155844155844,10634.841395610281,17661.177717726805,0.6021592424686334,0.6764626625000001,0.04689767292821603,0.552521,0.757534,0.0005322541350544274,30,19.268229166666668,9.084810525311795,-57.446875,3.853068396448256,14.156770833333333,6.361088251168137,63.2088267528567,3.7828356463567077,33.719833333333334,0.04964848660555829,33.63,33.79,-0.0005833333333333357
81.77245968002177,18.399042932537622,241.67789126231634,82.89473684210526,7596.8291228592425,19350.56730575748,0.3925894782732761,0.809875975,0.0782469279989064,0.71525,0.995861,0.0009720545808086947,22,17.082291666666666,7.869409322280626,-58.25989583333333,5.964797425100255,14.283333333333333,3.539499336849148,63.044833403767285,5.041548398844857,33.57050000000001,0.039175885439898264,33.49,33.65,-0.0005416666666666774
82.64228627560057,19.81034364152784,278.0840325633003,82.89473684210526,5012.741713070957,27273.050041154616,0.18379835425472424,0.9784827708333333,0.060514010066071884,0.897268,1.159941,0.0004296718957794396,29,15.096354166666666,1.0346030033621458,-59.045833333333334,0.6967060395572551,14.775520833333333,0.9964127008420284,62.72614030402953,0.7786671684367336,33.4305,0.04298933976386946,33.37,33.5,-0.0005416666666666774
82.3941284746434,19.994235581961593,257.65670132975697,85.71428571428571,7573.938085269332,14730.584141651307,0.5141641371745553,1.0239272666666668,0.048565110875200886,0.94724,1.152253,-0.00037132623222625174,23,15.515104166666667,1.4104450352575384,-59.204166666666666,1.0438227685877628,13.838020833333333,1.8516074771846143,62.79055384944017,1.0937766136435731,33.309,0.03944194045260268,33.23,33.39,-0.000666666666666682
82.93982661122483,19.85188915473934,260.8596834803349,76.62337662337663,4745.053890543578,17170.234638525468,0.2763534681056094,1.0258172541666668,0.02066152728296158,0.981836,1.107406,3.015900232642754e-05,18,15.909895833333334,1.0060783961249269,-59.17760416666667,0.553604184698754,13.371354166666666,1.0557936586123122,62.7379437271619,0.5390000502161763,33.07683333333333,0.07374486799469847,32.97,33.21,-0.0010000000000000083
80.71979303955641,19.481017218088773,281.60169452279246,78.66666666666666,17016.92505428454,20345.140032807627,0.8364122845477514,1.0856446791666667,0.030799324350428526,1.035651,1.183004,4.219505112936119e-06,20,15.4296875,1.3107146214986756,-59.15208333333333,1.1202658879579537,14.09375,1.2610191397569401,62.76132110380201,1.121480779500876,32.8495,0.0627541499291738,32.75,32.97,-0.0007499999999999988
80.47710761531407,18.19524934699323,243.0478669418845,80.26315789473685,8495.023808192871,8212.512288398186,1.0344001335856494,1.1488623999999998,0.03674305365414893,1.093311,1.25604,0.00018441629542179804,18,15.79375,0.9169483468731122,-59.184375,0.5187782371832882,13.508854166666667,0.9001879083831917,62.740518734767164,0.5191304193844624,32.65783333333333,0.04778743442463479,32.59,32.75,-0.0005833333333333061
80.5132673856894,16.95803231148257,230.37559911298476,77.63157894736842,3779.1170830385186,7601.719039426132,0.4971398000160515,1.2241672708333335,0.04513200831927177,1.036933,1.323951,0.00017651370292886675,21,17.632291666666667,10.744291069288714,-57.91614583333333,9.393246118642868,13.968229166666667,7.657616782055365,63.616876313485086,8.688733496972251,32.5325,0.04720963884632075,32.41,32.61,-0.0005833333333333357
78.19009787844286,18.660967756847608,277.1051120977109,85.13513513513513,3758.4904053399555,18306.635118356564,0.20530755002437417,0.9225399666666667,0.16230232957962706,0.708912,1.64182,-0.0019366503897637081,21,26.940104166666668,13.862721894436266,1.6723958333333333,23.662766737570003,47.9359375,18.05283219228386,63.75534194636261,6.299439324445883,32.35933333333333,0.03390509630653638,32.31,32.43,-0.0003749999999999846
72.87529485197354,15.9203229690304,307.4688280523419,88.23529411764706,11329.08336402554,21870.59443760343,0.5180052785646633,0.6044462041666667,0.06826960030261749,0.492367,0.73582,-0.0009823802752651958,26,28.509895833333335,2.634883376131849,5.7546875,1.3005323053825883,55.776041666666664,1.6766934717663478,62.983701936200006,1.1815239080307551,32.35683333333334,0.01875203692639302,32.31,32.41,0.0
78.49229042355631,17.199378951683844,239.68025263194363,72.97297297297297,3806.3962332040815,13910.160692597114,0.2736414278254756,0.5449377208333334,0.04427590482240763,0.468022,0.663996,0.00023587480294796762,20,30.2015625,9.10966163249732,6.701041666666667,3.6823338045679517,52.975,11.430560280814467,63.10992765812316,2.780147205897839,32.36833333333333,0.021226293966576316,32.33,32.43,-0.00012499999999997512
81.5876779232244,20.840257114311314,301.26006662837415,84.0,9548.105008947468,7385.344406177359,1.2928449214854627,0.5295100166666666,0.03592731475632046,0.389792,0.608899,9.105427177555174e-05,26,47.268229166666664,11.278456186352928,10.430729166666667,13.180098376655463,33.64270833333333,15.81706781712708,63.33974947304607,3.7538995313886945,32.4595,0.07940245588141541,32.33,32.61,0.0010000000000000083
75.11045286756918,15.395400957594626,267.6198725905032,80.28169014084507,2167.639238404062,8007.29324719248,0.27070811215313995,0.4661961833333333,0.035396033197587586,0.344945,0.521769,-0.0004638151929720996,27,47.7046875,6.6572156112004075,12.126041666666667,4.358988433677079,37.3953125,10.823608402962344,63.22809283425134,1.966104831884881,32.64149999999999,0.026065622314968482,32.59,32.68,0.0002499999999999799
79.95635641229443,16.775332941631408,237.38346921875865,78.94736842105263,3796.5620307387017,8466.614878442679,0.4484155811084948,0.31147017916666664,0.02982147322241809,0.252689,0.361602,-0.0004083145961735448,32,20.926041666666666,6.961482492850491,51.82604166666667,3.683147001084429,29.581770833333334,2.55064962917606,63.75144488818173,1.790496812562048,32.669333333333334,0.015151090903152628,32.65,32.71,0.0002083333333333511
79.98465469275078,17.23135439432854,256.1531623220131,80.0,5233.163647369699,6943.944988635863,0.7536297675073824,0.30330161666666666,0.07542099399439824,0.187341,0.48461,0.00095443845292453,30,34.4125,20.394587976960945,28.058333333333334,23.750279238124527,30.590104166666666,15.77310494393804,63.93693897346558,6.936739546550126,32.78833333333333,0.06213336909870167,32.68,32.91,0.0009583333333333203
87.02238686732089,17.49666436932673,200.90188961665643,71.95121951219512,4387.559096866302,10688.0003554532,0.4105126263986036,0.5200281875,0.031873300643495917,0.323162,0.583273,-1.1139371777288322e-05,27,22.140625,19.516846772537523,-49.06458333333333,28.31279885481221,20.077604166666667,16.90829180490988,67.62108893214352,14.016110461339508,33.03300000000001,0.060808442396321515,32.91,33.13,0.000666666666666682
83.96455594680185,20.19685542276243,282.3750944993317,88.46153846153845,9433.50237308208,19671.885230364285,0.4795423652899885,0.6222462958333334,0.0786133851036725,0.218093,0.719094,0.0003057351034740179,30,29.634375,17.5850216100533,-26.523958333333333,29.508428332680317,25.755729166666665,28.568306639700975,64.35870431939054,9.957900506428457,33.11083333333333,0.024514734798120913,33.07,33.16,8.333333333334635e-05
83.39358643986647,19.743559385515912,270.5860717780199,76.92307692307693,3030.773050634917,13351.752398401153,0.22699440194815523,0.5311029416666667,0.10163831312307839,0.401323,1.17781,-0.0011695824476119397,24,40.84010416666667,19.846729264267935,22.275520833333335,34.01659559348053,14.663541666666667,16.328506640941292,64.34188856031402,7.542899629815053,33.11983333333333,0.06803165113059949,32.99,33.29,-0.0003750000000000142
79.95245038427132,19.621580798156053,296.8017663818685,93.24324324324324,6300.388046104026,26101.972985359982,0.2413759316063109,0.41650722916666666,0.02750340439188058,0.365446,0.48461,-0.00019686664308408045,25,49.08229166666667,5.133681565400269,38.5375,2.8215410239796266,1.1171875,10.127485106868523,63.48113030616276,1.5767686002235624,32.98533333333334,0.015326085243430364,32.95,33.03,-0.0001666666666666631
80.522363909793,19.35546710411556,276.8757054167086,81.33333333333333,11366.792900735778,19467.812764766,0.5838762185605192,0.35774758333333334,0.04984550252105388,0.274472,0.528175,-0.0005384643396586745,27,19.95,28.69945919931826,37.63229166666667,14.029440731841873,7.751041666666667,34.175824468205555,63.68309337817534,2.6842660921127095,33.06416666666667,0.03967751952372497,32.99,33.15,0.00029166666666666783
78.64979918287493,19.334765137768816,251.19074066223948,89.04109589041096,2151.733787920052,16084.658709560941,0.13377553274668064,0.2948502,0.011542890572122738,0.274472,0.327006,1.455316238129105e-05,28,16.863541666666666,18.84559309555589,48.93333333333333,3.208831130212717,31.429166666666667,6.148948363112364,63.788676253887964,0.9539340176358905,33.16583333333333,0.025119160460139473,33.09,33.21,0.0004999999999999894
73.03545952635204,18.315145486452757,289.4671809272257,88.23529411764706,5789.5120737077705,15126.74704605387,0.3827334493054861,0.25336702916666665,0.014940006843315567,0.223218,0.280878,-0.00021450104993142252,37,17.196875,15.555706034583418,46.74791666666667,10.206053954706926,33.251041666666666,11.522328819076922,63.70620408116647,2.675657844736991,33.309999999999995,0.06379655163094655,33.21,33.47,0.0010000000000000083
72.50438837609062,17.698574920300928,294.10654370229076,75.0,3550.3988110751116,16468.72183103398,0.2155843572744468,0.21339485833333335,0.009950323492057794,0.187341,0.230906,-0.0001359248554662405,33,60.657291666666666,1.854400441723386,17.1859375,1.2367254125689138,-1.4640625,4.807736837233684,63.27358021021467,1.1591508594076911,33.79633333333334,0.16073753623704554,33.49,34.05,0.002333333333333313
78.28968485290245,21.013787115791875,314.25016071964694,79.16666666666666,10784.717905819012,20178.986056870726,0.5344529143052226,0.21789017083333337,0.013899100249056264,0.189904,0.319318,-4.870632736679998e-06,34,56.797916666666666,15.03734226272678,2.990625,11.342945477669149,6.163541666666666,21.324509665091885,63.55056316855484,6.616731012581246,34.10766666666667,0.034368913602588584,34.03,34.16,0.0004999999999999894
77.91194851284541,17.613073253243794,289.34975404332135,76.71232876712328,2059.505130462323,8337.940415947245,0.24700405948251786,0.20919319166666667,0.015159925764602672,0.161715,0.23475,3.407468966475082e-05,35,45.7046875,14.068647874879227,4.607291666666667,19.622158736955114,34.40416666666667,17.182269911322994,64.01285539698837,8.621658179120205,34.16599999999999,0.021385353243127805,34.11,34.21,-0.0001666666666666631
74.65713205808773,15.436876306127715,230.01904521303075,77.46478873239437,6176.192692891065,8400.806129223889,0.7351904802809269,0.19045389166666665,0.008833586638313863,0.162996,0.229625,-7.067313060990677e-05,34,44.770833333333336,12.381882906309347,-5.952604166666666,13.92720447427681,39.639583333333334,11.230135046370647,63.60469108474113,6.244584414887297,34.10183333333334,0.027233047734121083,34.05,34.16,-0.0001666666666666631
78.68970377939846,15.481416524589056,192.99725723614745,70.66666666666667,5341.683094875325,7669.468800366868,0.6964867103468504,0.2046130375,0.11782253513053474,0.095085,1.17781,0.0008650734947655336,32,40.81041666666667,26.55416037384203,8.003125,16.36344982680532,20.6984375,34.18529773004657,64.71928589811884,10.530905485168672,34.05050000000001,0.024928230315581768,33.97,34.11,0.0
72.45973158081075,18.885668282716864,346.3426229232524,88.23529411764706,2478.8094093379696,14786.36923546605,0.1676415196904719,0.3043590416666666,0.016477057643835072,0.268065,0.427019,-0.00017025907915068,31,62.225520833333334,3.3313027262217765,0.6026041666666667,2.042489669900268,9.740625,4.1617573943437645,63.18980947051797,2.6260037597657635,34.05716666666667,0.03071870584658359,33.99,34.11,-0.0004166666666666726
65.74895166047652,5.965611368830053,76.52163290687396,35.38461538461539,2130.8601194113576,866.2663189049958,2.4598210422227567,0.25028652916666666,0.014428098973847846,0.225781,0.277034,-0.0002071546272504731,35,62.1375,0.34738607245157843,0.3885416666666667,0.487418752132656,10.9875,0.11569536147429017,63.10467062090278,0.342363102622803,33.995000000000005,0.01627882059609967,33.97,34.05,0.0
67.32079717721179,7.954867801135773,168.65426415394214,51.515151515151516,3788.1392835753795,5570.822906159163,0.6799963573401645,0.2095615625,0.00834331376289384,0.195029,0.227062,-0.00011865929747044212,36,62.084895833333334,0.2787266238018396,0.76875,0.42163187438807326,11.053125,0.22428271082497642,63.06763765049358,0.2751097103206776,34.117,0.047549973711874485,34.03,34.18,0.000624999999999994
67.52948564299963,5.357610320361625,73.0567564531956,42.42424242424242,627.8874584849864,1233.6716943568304,0.5089583082412642,0.1841753916666667,0.006735527717256502,0.173247,0.196311,-9.589753120713929e-05,36,62.0359375,0.2218768339126087,0.3255208333333333,0.4685691201939214,11.902083333333334,0.29720193985833193,63.17065298304439,0.2209299190217201,34.279833333333336,0.06876267559916174,34.18,34.41,0.0009583333333333203
67.81089455513803,6.97861877665868,117.5994362394912,46.96969696969697,1752.1757068887273,4093.2466555033116,0.42806501888493625,0.16716033333333336,0.003666386958649559,0.159152,0.174528,-5.019094081494436e-05,38,62.001041666666666,0.19364636565284557,0.05,0.21794494717703367,12.0,0.0,63.15204294276841,0.190102134132769,34.529500000000006,0.06039936533882935,34.41,34.61,0.0007500000000000284
74.40062107753364,5.311880303605229,60.82276413607637,31.506849315068493,923.223913041381,675.6322298505404,1.3664592543869785,0.1541334625,0.00380674754967112,0.14762,0.161715,-5.308625627181065e-05,37,62.0015625,0.207910377952657,-0.008333333333333333,0.09646530752325189,11.999479166666667,0.02281582928521824,63.15213917955176,0.20418630346872288,34.61900000000001,0.01567375726067831,34.59,34.65,0.0
69.9952987375702,4.972343374970229,74.16430859326908,33.33333333333333,1173.2851948722493,1473.1378425343942,0.7964530955594239,0.14536162916666664,0.0016111657296243545,0.142495,0.150183,-1.7573655358599887e-05,37,61.98072916666667,0.18580761102810678,-0.421875,0.4938587696649721,12.035416666666666,0.18762727161997414,63.1420664826252,0.1818959512294341,34.68166666666666,0.05837141614028378,34.61,34.79,0.0007499999999999988
76.7983876750252,17.778403441484404,273.48936882291224,77.77777777777779,4996.069933784967,16686.36973031135,0.2994102380884824,0.12124055416666667,0.0155714527818933,0.091241,0.164277,-0.00015138630575183603,40,37.236979166666664,19.477032073048655,22.565104166666668,26.3582674211998,29.266145833333333,16.798452921684962,63.7640355056255,6.5370231658350635,34.866499999999995,0.02694593352128096,34.79,34.91,0.0002083333333333511
82.60945340269261,18.848086533231555,238.63992364626407,74.02597402597402,8529.521005010782,13805.807934780478,0.6178212130217069,0.09275757916666666,0.012462526609549633,0.05152,0.132244,-8.763207390753323e-05,33,34.415625,18.306225194162096,29.325,22.83531621560487,31.84375,18.09714993963138,64.50868015403148,9.006766981083258,34.79533333333334,0.03456716489515653,34.71,34.84,-0.0005416666666666774
73.61334162801559,16.187256840133784,248.08910776068495,80.0,2824.2150029626046,13465.295453340354,0.2097402922014606,0.1303273625,0.008732044006479454,0.065615,0.138651,2.281440085765351e-05,33,25.180208333333333,6.157213245990204,4.095833333333333,2.537260525098324,57.0703125,4.870805236543928,63.0062836541006,2.4741141712433916,34.68999999999999,0.02822528417335578,34.65,34.75,-0.0003333333333333262
75.33131000688927,17.452555003712437,263.42974166681114,84.50704225352112,6255.737768340416,27294.741039947032,0.2291920542197075,0.12302911666666666,0.018173435162659502,0.060489,0.191185,-3.2180861646903824e-05,35,33.236979166666664,19.31319678461421,5.008854166666667,4.422648237997905,41.127604166666664,28.567242831781694,63.305568792208355,4.724080763666331,34.55416666666667,0.051390390368455614,34.47,34.65,-0.0007499999999999988
75.29957266559435,20.71112152968743,294.75101266477736,78.26086956521739,12652.84711384691,20001.150789644544,0.6326059558731908,0.18257894583333334,0.03355134202583506,0.092523,0.260377,0.0003131878934530109,29,57.34739583333333,14.021807549967157,0.8838541666666667,3.487410354221688,3.536979166666667,22.518156730541527,63.31280902166839,3.0567863766400944,34.423333333333325,0.03681787005729159,34.37,34.49,-0.0004166666666666726
72.90557010770814,17.753525375673824,326.09759228207156,83.82352941176471,3148.680092812123,8132.716461780271,0.387162162557782,0.2046765875,0.014242708088726562,0.173247,0.236032,-0.0001714601177971837,29,62.84791666666667,1.710505478814831,0.11614583333333334,0.5705897347475728,-5.51875,3.937356148165924,63.2169968243941,1.6420135011255588,34.3385,0.030758467668810612,34.27,34.41,-0.000416666666666643
80.60628671167336,19.922992212361002,281.4200405646672,78.66666666666666,3663.2024382618147,22830.719556995482,0.1604505906665296,0.20619280416666666,0.012085419076273245,0.187341,0.245001,5.903485737599344e-06,32,61.19322916666667,2.268363945479055,0.0640625,0.6102937785147002,-13.449479166666666,7.622988104765696,63.142919287655396,1.4503498426140613,34.23283333333334,0.033719018701947434,34.16,34.31,-0.0005416666666666774
74.28525946505988,18.22009269749175,238.58805284715547,69.56521739130434,10103.300988967741,23850.553450843967,0.4236086600585879,0.18029399166666668,0.011224169064267693,0.157871,0.20528,-0.00014129393045018138,36,60.666666666666664,1.2584437037688876,-0.1046875,0.43298732931085865,-16.760416666666668,3.456258790424827,63.04203162776236,0.8866241655165353,34.150999999999996,0.021031722072462546,34.11,34.21,-4.166666666665838e-05
73.97196384727297,14.6165345677951,191.1110606427582,73.23943661971832,4702.72821608603,8429.928568310068,0.5578609804316264,0.18465047083333333,0.06557314523129228,0.129681,0.361602,0.0006351560474140177,31,47.3953125,18.061021534250965,19.701041666666665,27.130763576579703,-7.7640625,16.328338739629753,63.38408328636738,2.4655261670033024,34.08533333333334,0.024864074931962167,34.03,34.13,-0.0004166666666666726
72.97098896330989,17.368571889840595,245.5515297618452,65.21739130434783,10987.446225809774,39383.75554814915,0.2789842175507341,0.24637845833333336,0.014612442379353649,0.2245,0.297536,0.00010261257313495045,24,26.544791666666665,2.127222846795924,55.9140625,1.2777788982294302,-2.378125,13.881332662405834,63.52004910266366,0.846394014942564,34.067666666666675,0.03822593651203641,34.0,34.13,0.0002500000000000095
74.459972738796,19.462147995037082,317.4187797776223,81.15942028985508,13501.6631692443,26860.061908755793,0.5026668670798206,0.22529525,0.026575169103177875,0.141213,0.28216,-0.00023427770273789491,32,36.15260416666667,16.225274249402258,36.19947916666667,25.290608841268845,11.970833333333333,20.55645638979529,63.720684619601265,5.082381489942592,34.068000000000005,0.02322355126446862,34.0,34.13,-8.333333333334635e-05
78.65513048870436,18.77147963958954,288.3660273912734,83.78378378378379,10468.612109164966,39565.36448464573,0.2645903113878189,0.17541427083333336,0.015877873281104623,0.145057,0.219374,-3.880987213319651e-05,34,29.040104166666666,14.381410019737842,43.84322916666667,20.576506273073086,23.636979166666666,12.323630216291761,63.92835389483797,4.417937580254221,33.964999999999996,0.034132096331752106,33.91,34.05,-0.000416666666666643
81.2982619561436,21.475009341356063,311.57826393186434,82.43243243243244,3063.868345978379,19188.194751067454,0.159674653385928,0.2855785875,0.14100228096464967,0.056645,1.613532,0.0008329141812357849,37,34.493229166666666,22.67928469233137,12.4296875,17.370000896728353,41.73854166666667,17.580006812852222,64.19005272688705,9.547067922637822,33.989333333333335,0.023156472577278132,33.93,34.03,0.0
77.17006532707211,18.767566061107118,268.777891199286,84.72222222222221,14368.00094592932,17532.666683979463,0.8194988934032569,0.27313693333333333,0.021361471946096992,0.220656,0.324444,-0.0002539897098907959,36,32.77916666666667,6.966899667156276,16.713541666666668,1.2550829812926934,50.600520833333334,4.878983387489581,63.13382515907779,1.5054816337849484,33.90716666666666,0.04792673807200117,33.83,33.99,-0.0005833333333333357
73.82135266081592,18.887035916289683,283.5384836158515,89.85507246376811,12564.968200938885,8142.294385358147,1.54317291985092,0.27379362083333336,0.016978630891566787,0.237313,0.328288,-0.00012364080062153841,31,18.113020833333334,8.680152002772338,-7.538020833333333,8.239109746582615,58.149479166666666,7.474055802935866,62.88901932559349,3.213399409523954,33.79333333333333,0.028963578661637835,33.73,33.87,-0.0002500000000000095
73.54908367484603,17.257402604544932,250.9818151845046,78.26086956521739,3729.489927214891,10670.059245311293,0.34952851164849225,0.2280820708333333,0.018882557457633117,0.154027,0.252689,-0.00023101629151547776,35,20.1953125,10.480084232836287,-8.926041666666666,5.205440759269468,57.01927083333333,8.994856371003522,62.840896779173185,2.7531845783808184,33.671833333333325,0.03748295909106137,33.59,33.75,-0.0003333333333333262
79.91502983189078,21.435339433015145,329.9284927523858,89.04109589041096,18039.48280087157,21698.170553519514,0.8313826622560816,0.31479687500000003,0.08144362911241763,0.168121,1.063772,0.0004979990581433701,20,47.90208333333333,16.157164169279692,12.592708333333333,17.06332412412454,27.6984375,15.919596076071166,63.36018587787641,3.394215621851107,33.680166666666665,0.03068613512465994,33.61,33.73,0.0003333333333333262
76.14548358476895,16.901866448188198,258.40035146517107,68.05555555555556,4808.191961368835,7530.602389328243,0.638487031021929,0.2901146375,0.025824744645838428,0.255252,0.343664,-0.00036628230134203753,31,56.885416666666664,0.4877625717384319,22.165104166666666,0.4162468588261525,17.335416666666667,0.6283210376781035,63.46938949652916,0.44911146115472705,33.67249999999999,0.026244046944021646,33.63,33.73,-0.000416666666666643
67.8875805358407,6.945212972630595,117.0712564489613,46.96969696969697,2124.169588390859,1664.8702570274556,1.2758769516271256,0.23635732916666666,0.01066458770749324,0.219374,0.257814,-0.00015286566476848583,36,56.90625,0.2914805954090255,22.5953125,0.49083146531548894,17.046875,0.21137108216357317,63.55892502956278,0.3146213381480286,33.628166666666665,0.013843369853069805,33.59,33.66,0.0
69.55165647537791,10.579501999506078,182.7746577642353,55.223880597014926,7769.203988927196,3802.711179629351,2.0430696999934814,0.20708971666666667,0.007011250264970977,0.193748,0.219374,-9.967604125071607e-05,40,56.84583333333333,0.39684082311285573,22.928645833333334,0.2594309469447292,16.8765625,0.3720336233824617,63.57846513535453,0.36317493375535315,33.653166666666664,0.012713728363028002,33.63,33.68,0.0002083333333333215
66.83176318360414,7.50692639844508,124.480120071314,29.230769230769234,552.5453448367666,5709.489975140967,0.09677665557563649,0.18646044999999997,0.004318003409852754,0.178372,0.196311,-6.0244261185089664e-05,36,56.7625,0.42555111326373,23.0,0.0,17.001041666666666,0.03225804701500421,63.561423886907484,0.3799365765482957,33.76649999999999,0.07068297767732586,33.66,33.91,0.0010416666666666667
62.85173451101852,3.9407224581877474,72.15954012850537,25.806451612903224,909.5431343740244,2601.6669744105384,0.3496001384189843,0.17642866249999997,0.0022830116637737726,0.171965,0.180935,-2.903898722200004e-05,38,56.594791666666666,0.49093231705659346,23.0,0.0,17.0359375,0.1861343495804845,63.42143719571445,0.43654880984879346,34.102666666666664,0.0982321513332339,33.93,34.25,0.0013333333333333346
66.61141082411018,7.693173640539245,125.01550003105964,48.4375,1971.4714876456799,2279.610318724008,0.8648282872965736,0.17102035,0.0019049726732510747,0.165559,0.175809,-2.3030844285491256e-05,39,56.596354166666664,0.4916884595276147,23.0,0.0,17.013541666666665,0.11557806855349138,63.41664204902733,0.43878475232244435,34.31433333333334,0.02673117198245425,34.25,34.34,0.0003750000000000142
79.51007096413801,19.513878825123307,233.44564602701976,68.91891891891892,10856.888011485948,21124.27441547224,0.5139531800218398,0.13316759583333335,0.02146726926584941,0.096367,0.171965,-0.00025928315291932116,33,32.8984375,16.3318323392874,10.113020833333334,8.151510419828092,45.932291666666664,19.803371949786666,63.29750598211769,3.6236645508529803,34.39416666666666,0.03494241294218509,34.33,34.45,0.0002500000000000095
78.63609387029585,18.087769507866533,259.3693265595057,85.13513513513513,5555.481430881018,9141.051725044674,0.6077507925767555,0.09756794583333334,0.015560019485085251,0.057927,0.133525,8.557913028003947e-05,33,30.911979166666665,17.863838655215343,-12.791666666666666,28.426556197017995,35.8296875,24.081840796590775,63.78206726829801,6.473984732422635,34.43366666666667,0.016927951900794356,34.39,34.47,-0.0001666666666666631
85.44241849154602,19.200464277373243,247.46539522818748,76.25,5209.017886151121,8885.842408344439,0.5862154252543892,0.16132490833333332,0.024292566745644586,0.102773,0.228344,0.0002661110574836368,35,17.679166666666667,17.358270823219176,-57.759375,13.295574750371205,14.814583333333333,15.621266081629093,66.44304946329747,13.251310112002953,34.36066666666667,0.0478841193809469,34.27,34.43,-0.0005833333333333061
